batch,pattern,requests,oracle,selected,confidence,correct,selector_seek,oracle_seek,fcfs_seek,scan_seek,cscan_seek,sstf_seek
0,sequential,27 30 31 32 35 38 40 44 47 48 52 53 57 59 60 61 62 63 64 65,SSTF,SSTF,0.730594,1,73,73,111,271,363,73
1,sequential,122 118 117 115 112 108 106 105 101 99 96 93 89 88 86 84 82 79 78 76,FCFS,FCFS,0.87374,1,68,68,68,222,397,70
2,sequential,126 130 132 135 139 140 142 146 147 148 151 153 157 160 163 164 167 168 171 172,FCFS,FCFS,0.9103,1,72,72,72,72,72,72
3,sequential,118 117 115 114 111 107 105 103 102 101 98 96 92 88 85 82 79 78 76 72,FCFS,FCFS,0.877047,1,64,64,64,226,396,64
4,sequential,109 106 104 103 99 98 97 95 93 92 90 89 86 83 80 76 75 74 72 68,FCFS,FCFS,0.746637,1,50,50,50,230,397,73
5,sequential,58 59 61 62 65 66 68 72 75 77 78 80 83 85 89 93 96 97 98 99,SSTF,SSTF,0.865018,1,42,42,83,240,397,42
6,sequential,127 124 121 120 117 114 112 110 106 104 103 99 96 94 90 88 86 85 84 81,SSTF,FCFS,0.897237,0,73,65,73,217,397,65
7,sequential,90 88 84 83 80 79 78 74 71 70 67 64 62 59 58 57 53 49 47 45,FCFS,FCFS,0.730398,1,55,55,55,253,388,55
8,sequential,23 25 28 29 33 34 37 41 45 48 50 54 55 58 60 61 65 66 70 73,SSTF,SSTF,0.707898,1,77,77,127,275,371,77
9,sequential,85 83 82 81 80 79 77 73 71 70 68 64 62 59 57 53 51 47 44 41,FCFS,FCFS,0.715125,1,59,59,59,257,383,59
10,sequential,129 132 136 139 141 145 146 148 150 152 153 154 155 157 159 162 163 167 169 171,FCFS,FCFS,0.908705,1,71,71,71,71,71,71
11,sequential,36 37 40 43 46 50 54 55 57 59 61 63 67 68 69 70 73 77 78 81,SSTF,SSTF,0.77151,1,64,64,109,262,379,64
12,sequential,40 41 42 44 48 51 53 55 59 60 63 67 69 70 72 73 75 78 80 84,SSTF,SSTF,0.779551,1,60,60,104,258,382,60
13,sequential,127 123 121 120 117 116 113 112 109 107 103 101 99 95 94 93 91 87 85 84,FCFS,FCFS,0.902359,1,70,70,70,214,397,72
14,sequential,25 22 21 20 18 17 15 13 11 7 4 3 0 0 0 0 0 0 0 0,FCFS,FCFS,0.951852,1,100,100,100,298,323,100
15,sequential,92 88 84 80 79 75 74 72 68 67 66 63 62 60 57 56 54 53 50 47,FCFS,FCFS,0.759485,1,53,53,53,251,390,53
16,sequential,74 70 68 66 62 58 55 54 52 50 47 45 43 40 37 33 32 31 30 26,FCFS,FCFS,0.841417,1,74,74,74,272,372,74
17,sequential,125 126 127 130 132 135 137 139 140 142 143 144 148 151 152 156 157 159 163 166,FCFS,FCFS,0.914598,1,66,66,66,66,66,66
18,sequential,142 144 148 151 154 156 160 162 163 166 168 171 174 178 179 181 183 186 190 193,FCFS,FCFS,0.840017,1,93,93,93,93,93,93
19,sequential,105 109 110 111 113 116 117 121 125 129 133 135 137 141 142 143 146 150 154 156,FCFS,FCFS,0.894847,1,56,56,56,56,56,56
20,sequential,61 62 65 68 70 71 74 78 82 84 88 90 91 93 94 95 99 102 106 109,SSTF,SSTF,0.803743,1,59,59,87,237,397,59
21,sequential,35 37 39 41 43 47 48 51 54 58 62 65 67 68 70 73 76 79 83 85,SSTF,SSTF,0.769686,1,65,65,115,263,383,65
22,sequential,23 24 27 30 33 36 38 42 45 47 49 51 53 54 57 60 63 65 68 71,SSTF,SSTF,0.6927,1,77,77,125,275,369,77
23,sequential,108 104 100 96 94 91 89 85 83 81 77 76 75 73 70 68 64 63 60 56,FCFS,FCFS,0.771875,1,60,60,60,242,394,96
24,sequential,107 106 102 98 94 92 90 89 85 82 80 79 78 74 71 70 68 66 62 60,FCFS,FCFS,0.757797,1,54,54,54,238,396,87
25,sequential,139 143 147 150 154 156 158 160 161 165 169 172 174 176 180 183 184 186 188 192,FCFS,FCFS,0.850974,1,92,92,92,92,92,92
26,sequential,128 124 121 118 117 115 114 110 108 106 103 101 100 97 96 93 92 90 86 83,FCFS,FCFS,0.905817,1,73,73,73,215,395,73
27,sequential,29 25 23 22 21 19 18 15 12 9 7 3 0 0 0 0 0 0 0 0,FCFS,FCFS,0.950093,1,100,100,100,298,327,100
28,sequential,83 84 86 87 91 95 99 100 103 104 105 107 111 112 113 117 120 122 126 128,FCFS,FCFS,0.562656,1,62,62,62,215,397,62
29,sequential,114 116 119 122 126 127 130 132 135 138 139 142 145 149 153 154 155 159 161 163,FCFS,FCFS,0.911889,1,63,63,63,63,63,63
30,bursty,124 161 165 159 117 124 161 165 123 165 156 123 159 164 121 125 128 161 134 169,SCAN,SCAN,0.834766,1,69,69,473,69,69,69
31,bursty,91 81 86 56 86 55 83 60 89 83 90 60 87 58 55 46 66 90 92 52,SSTF,SSTF,0.991203,1,54,54,392,252,390,54
32,bursty,51 51 48 38 49 69 77 64 47 65 65 65 64 47 44 41 33 68 63 63,SSTF,SSTF,0.746014,1,67,67,221,265,375,67
33,bursty,47 40 37 41 36 50 44 47 48 28 44 41 49 46 43 47 32 38 39 31,SSTF,SSTF,0.573145,1,72,72,183,270,348,72
34,bursty,172 129 126 165 167 126 120 128 129 123 130 166 167 160 155 130 121 129 170 164,SCAN,SCAN,0.773531,1,72,72,366,72,72,72
35,bursty,56 53 55 51 48 58 55 55 55 57 61 60 49 49 60 51 52 45 50 48,SSTF,FCFS,0.524275,0,122,55,122,253,359,55
36,bursty,110 106 97 97 121 97 110 100 96 101 96 109 118 113 88 106 90 120 119 102,SSTF,SSTF,0.592841,1,54,54,242,210,395,54
37,bursty,138 32 146 143 149 27 24 33 28 144 24 27 140 143 151 18 23 139 148 140,SSTF,SSTF,0.995503,1,184,184,1040,280,331,184
38,bursty,107 114 53 107 46 46 55 101 110 110 117 111 112 50 49 52 56 103 68 105,SSTF,SSTF,0.965009,1,88,88,457,252,366,88
39,bursty,96 86 89 51 87 53 88 93 85 85 48 93 91 44 46 87 43 95 46 86,SSTF,SSTF,0.995739,1,57,57,532,255,394,57
40,bursty,164 165 178 168 182 185 175 166 174 173 163 163 170 172 176 167 168 172 175 176,SCAN,SCAN,0.677415,1,85,85,174,85,85,85
41,bursty,133 178 179 144 170 184 171 131 133 172 182 181 180 179 177 134 175 140 130 173,SCAN,SCAN,0.962991,1,84,84,435,84,84,84
42,bursty,115 154 106 103 138 114 111 152 152 100 112 108 140 120 150 110 145 139 152 111,SCAN,SCAN,0.72344,1,54,54,493,54,54,54
43,bursty,165 160 157 163 103 100 87 91 154 95 88 163 161 88 101 161 98 88 164 85,SSTF,SSTF,0.89304,1,101,101,739,213,396,101
44,bursty,152 37 162 39 40 48 172 36 37 157 164 164 43 34 29 40 39 56 30 52,SSTF,SSTF,0.994938,1,214,214,1024,269,354,214
45,bursty,41 50 41 105 41 102 105 42 107 43 106 44 42 103 48 102 45 98 50 106,SSTF,SSTF,0.998809,1,77,77,972,257,396,77
46,bursty,143 142 138 139 144 147 143 133 140 143 145 137 147 151 145 143 153 145 145 145,SCAN,FCFS,0.615993,0,131,53,131,53,53,53
47,bursty,22 68 68 6 74 64 23 15 24 13 17 24 19 63 18 71 59 58 64 16,SSTF,SSTF,0.97983,1,94,94,558,292,372,94
48,bursty,59 70 55 48 53 54 61 57 47 60 52 45 56 61 54 66 52 68 54 53,SSTF,SSTF,0.717277,1,55,55,209,253,368,55
49,bursty,50 124 52 126 52 49 64 136 61 54 61 135 137 142 58 55 132 145 148 140,SSTF,SSTF,0.989793,1,147,147,792,249,362,147
50,bursty,132 67 51 65 58 62 56 126 127 60 58 141 54 132 55 59 128 56 61 64,SSTF,SSTF,0.994495,1,131,131,762,247,365,131
51,bursty,169 76 171 169 172 81 168 78 180 77 172 174 172 69 167 68 170 71 166 172,SSTF,SSTF,0.917958,1,144,144,1436,230,379,144
52,bursty,151 108 112 109 164 167 166 113 166 166 115 110 160 116 158 162 107 115 110 116,SCAN,SCAN,0.825269,1,67,67,536,67,67,67
53,bursty,105 33 120 27 123 31 25 112 120 113 109 25 27 119 17 120 31 31 22 22,SSTF,SSTF,0.9959,1,129,129,1038,281,331,129
54,bursty,126 124 130 116 151 120 167 163 153 167 166 156 118 121 148 125 130 156 151 158,SCAN,SCAN,0.760432,1,67,67,334,67,67,67
55,bursty,176 182 180 179 183 184 180 186 176 174 169 182 184 177 183 177 183 187 188 185,SCAN,SCAN,0.785859,1,88,88,165,88,88,88
56,bursty,61 53 58 52 58 56 50 49 49 56 53 62 60 52 59 48 53 49 48 49,SSTF,SSTF,0.513941,1,52,52,131,250,360,52
57,bursty,89 66 60 87 85 91 65 92 70 94 65 60 65 82 65 63 86 67 58 89,SSTF,SSTF,0.962528,1,42,42,331,240,392,42
58,bursty,69 66 79 96 89 89 66 85 70 79 72 69 78 84 77 78 76 90 85 74,SSTF,SSTF,0.865767,1,34,34,202,232,394,34
59,bursty,90 163 165 77 80 172 174 180 170 94 82 74 182 172 165 179 172 172 170 86,SSTF,SSTF,0.699802,1,134,134,614,224,392,134
